contract_name,vulnerabilities_description,short_address_attack_vulnerability,denial_of_service_vulnerability,access_control_vulnerability,bad_randomness_vulnerability,reentrancy_vulnerability,time_manipulation_vulnerability,other_vulnerability,front_running_vulnerability,unchecked_return_values_vulnerability,arithmetic_vulnerability
FibonacciBalance.sol,"[{'lines': [31], 'category': 'access_control'}, {'lines': [38], 'category': 'access_control'}]",0,0,1,0,0,0,0,0,0,0
arbitrary_location_write_simple.sol,"[{'lines': [27], 'category': 'access_control'}]",0,0,1,0,0,0,0,0,0,0
incorrect_constructor_name1.sol,"[{'lines': [20], 'category': 'access_control'}]",0,0,1,0,0,0,0,0,0,0
incorrect_constructor_name2.sol,"[{'lines': [18], 'category': 'access_control'}]",0,0,1,0,0,0,0,0,0,0
incorrect_constructor_name3.sol,"[{'lines': [17], 'category': 'access_control'}]",0,0,1,0,0,0,0,0,0,0
mapping_write.sol,"[{'lines': [20], 'category': 'access_control'}]",0,0,1,0,0,0,0,0,0,0
multiowned_vulnerable.sol,"[{'lines': [38], 'category': 'access_control'}]",0,0,1,0,0,0,0,0,0,0
mycontract.sol,"[{'lines': [20], 'category': 'access_control'}]",0,0,1,0,0,0,0,0,0,0
parity_wallet_bug_1.sol,"[{'lines': [223], 'category': 'access_control'}, {'lines': [437], 'category': 'access_control'}]",0,0,1,0,0,0,0,0,0,0
parity_wallet_bug_2.sol,"[{'lines': [226], 'category': 'access_control'}, {'lines': [233], 'category': 'access_control'}]",0,0,1,0,0,0,0,0,0,0
phishable.sol,"[{'lines': [20], 'category': 'access_control'}]",0,0,1,0,0,0,0,0,0,0
proxy.sol,"[{'lines': [19], 'category': 'access_control'}]",0,0,1,0,0,0,0,0,0,0
rubixi.sol,"[{'lines': [23, 24], 'category': 'access_control'}]",0,0,1,0,0,0,0,0,0,0
simple_suicide.sol,"[{'lines': [12, 13], 'category': 'access_control'}]",0,0,1,0,0,0,0,0,0,0
unprotected0.sol,"[{'lines': [25], 'category': 'access_control'}]",0,0,1,0,0,0,0,0,0,0
wallet_02_refund_nosub.sol,"[{'lines': [36], 'category': 'access_control'}]",0,0,1,0,0,0,0,0,0,0
wallet_03_wrong_constructor.sol,"[{'lines': [19, 20], 'category': 'access_control'}]",0,0,1,0,0,0,0,0,0,0
wallet_04_confused_sign.sol,"[{'lines': [30], 'category': 'access_control'}]",0,0,1,0,0,0,0,0,0,0
BECToken.sol,"[{'lines': [264], 'category': 'arithmetic'}]",0,0,0,0,0,0,0,0,0,1
insecure_transfer.sol,"[{'lines': [18], 'category': 'arithmetic'}]",0,0,0,0,0,0,0,0,0,1
integer_overflow_1.sol,"[{'lines': [14], 'category': 'arithmetic'}]",0,0,0,0,0,0,0,0,0,1
integer_overflow_add.sol,"[{'lines': [17], 'category': 'arithmetic'}]",0,0,0,0,0,0,0,0,0,1
integer_overflow_benign_1.sol,"[{'lines': [17], 'category': 'arithmetic'}]",0,0,0,0,0,0,0,0,0,1
integer_overflow_mapping_sym_1.sol,"[{'lines': [16], 'category': 'arithmetic'}]",0,0,0,0,0,0,0,0,0,1
integer_overflow_minimal.sol,"[{'lines': [17], 'category': 'arithmetic'}]",0,0,0,0,0,0,0,0,0,1
integer_overflow_mul.sol,"[{'lines': [17], 'category': 'arithmetic'}]",0,0,0,0,0,0,0,0,0,1
integer_overflow_multitx_multifunc_feasible.sol,"[{'lines': [25], 'category': 'arithmetic'}]",0,0,0,0,0,0,0,0,0,1
integer_overflow_multitx_onefunc_feasible.sol,"[{'lines': [22], 'category': 'arithmetic'}]",0,0,0,0,0,0,0,0,0,1
overflow_simple_add.sol,"[{'lines': [14], 'category': 'arithmetic'}]",0,0,0,0,0,0,0,0,0,1
overflow_single_tx.sol,"[{'lines': [18], 'category': 'arithmetic'}, {'lines': [24], 'category': 'arithmetic'}, {'lines': [30], 'category': 'arithmetic'}, {'lines': [36], 'category': 'arithmetic'}, {'lines': [42], 'category': 'arithmetic'}, {'lines': [48], 'category': 'arithmetic'}]",0,0,0,0,0,0,0,0,0,1
timelock.sol,"[{'lines': [22], 'category': 'arithmetic'}]",0,0,0,0,0,0,0,0,0,1
token.sol,"[{'lines': [20], 'category': 'arithmetic'}, {'lines': [22], 'category': 'arithmetic'}]",0,0,0,0,0,0,0,0,0,1
tokensalechallenge.sol,"[{'lines': [23], 'category': 'arithmetic'}, {'lines': [25], 'category': 'arithmetic'}, {'lines': [33], 'category': 'arithmetic'}]",0,0,0,0,0,0,0,0,0,1
blackjack.sol,"[{'lines': [17], 'category': 'bad_randomness'}, {'lines': [19], 'category': 'bad_randomness'}, {'lines': [21], 'category': 'bad_randomness'}]",0,0,0,1,0,0,0,0,0,0
etheraffle.sol,"[{'lines': [49], 'category': 'bad_randomness'}, {'lines': [99], 'category': 'bad_randomness'}, {'lines': [101], 'category': 'bad_randomness'}, {'lines': [103], 'category': 'bad_randomness'}, {'lines': [114], 'category': 'bad_randomness'}, {'lines': [158], 'category': 'bad_randomness'}]",0,0,0,1,0,0,0,0,0,0
guess_the_random_number.sol,"[{'lines': [15], 'category': 'bad_randomness'}]",0,0,0,1,0,0,0,0,0,0
lottery.sol,"[{'lines': [38], 'category': 'bad_randomness'}, {'lines': [42], 'category': 'bad_randomness'}]",0,0,0,1,0,0,0,0,0,0
lucky_doubler.sol,"[{'lines': [127, 128, 129, 130], 'category': 'bad_randomness'}, {'lines': [132], 'category': 'bad_randomness'}]",0,0,0,1,0,0,0,0,0,0
old_blockhash.sol,"[{'lines': [35], 'category': 'bad_randomness'}]",0,0,0,1,0,0,0,0,0,0
random_number_generator.sol,"[{'lines': [12], 'category': 'bad_randomness'}, {'lines': [18], 'category': 'bad_randomness'}, {'lines': [20], 'category': 'bad_randomness'}, {'lines': [22], 'category': 'bad_randomness'}]",0,0,0,1,0,0,0,0,0,0
smart_billions.sol,"[{'lines': [523], 'category': 'bad_randomness'}, {'lines': [560], 'category': 'bad_randomness'}, {'lines': [700], 'category': 'bad_randomness'}, {'lines': [702], 'category': 'bad_randomness'}, {'lines': [704], 'category': 'bad_randomness'}, {'lines': [706], 'category': 'bad_randomness'}, {'lines': [708], 'category': 'bad_randomness'}, {'lines': [710], 'category': 'bad_randomness'}, {'lines': [712], 'category': 'bad_randomness'}, {'lines': [714], 'category': 'bad_randomness'}, {'lines': [716], 'category': 'bad_randomness'}, {'lines': [718], 'category': 'bad_randomness'}]",0,0,0,1,0,0,0,0,0,0
auction.sol,"[{'lines': [23], 'category': 'denial_of_service'}]",0,1,0,0,0,0,0,0,0,0
dos_address.sol,"[{'lines': [16, 17, 18], 'category': 'denial_of_service'}]",0,1,0,0,0,0,0,0,0,0
dos_number.sol,"[{'lines': [18, 19, 20, 21, 22], 'category': 'denial_of_service'}]",0,1,0,0,0,0,0,0,0,0
dos_simple.sol,"[{'lines': [17, 18], 'category': 'denial_of_service'}]",0,1,0,0,0,0,0,0,0,0
list_dos.sol,"[{'lines': [46], 'category': 'denial_of_service'}, {'lines': [48], 'category': 'denial_of_service'}]",0,1,0,0,0,0,0,0,0,0
send_loop.sol,"[{'lines': [24], 'category': 'denial_of_service'}]",0,1,0,0,0,0,0,0,0,0
ERC20.sol,"[{'lines': [110], 'category': 'front_running'}, {'lines': [113], 'category': 'front_running'}]",0,0,0,0,0,0,0,1,0,0
FindThisHash.sol,"[{'lines': [17], 'category': 'front_running'}]",0,0,0,0,0,0,0,1,0,0
eth_tx_order_dependence_minimal.sol,"[{'lines': [23], 'category': 'front_running'}, {'lines': [31], 'category': 'front_running'}]",0,0,0,0,0,0,0,1,0,0
odds_and_evens.sol,"[{'lines': [25], 'category': 'front_running'}, {'lines': [28], 'category': 'front_running'}]",0,0,0,0,0,0,0,1,0,0
crypto_roulette.sol,"[{'lines': [40, 41, 42], 'category': 'other'}]",0,0,0,0,0,0,1,0,0,0
name_registrar.sol,"[{'lines': [21], 'category': 'other'}]",0,0,0,0,0,0,1,0,0,0
open_address_lottery.sol,"[{'lines': [91], 'category': 'other'}]",0,0,0,0,0,0,1,0,0,0
0x01f8c4e3fa3edeb29e514cba738d87ce8c091d3f.sol,"[{'lines': [54], 'category': 'reentrancy'}]",0,0,0,0,1,0,0,0,0,0
0x23a91059fdc9579a9fbd0edc5f2ea0bfdb70deb4.sol,"[{'lines': [38], 'category': 'reentrancy'}]",0,0,0,0,1,0,0,0,0,0
0x4320e6f8c05b27ab4707cd1f6d5ce6f3e4b3a5a1.sol,"[{'lines': [55], 'category': 'reentrancy'}]",0,0,0,0,1,0,0,0,0,0
0x4e73b32ed6c35f570686b89848e5f39f20ecc106.sol,"[{'lines': [54], 'category': 'reentrancy'}]",0,0,0,0,1,0,0,0,0,0
0x561eac93c92360949ab1f1403323e6db345cbf31.sol,"[{'lines': [54], 'category': 'reentrancy'}]",0,0,0,0,1,0,0,0,0,0
0x627fa62ccbb1c1b04ffaecd72a53e37fc0e17839.sol,"[{'lines': [94], 'category': 'reentrancy'}]",0,0,0,0,1,0,0,0,0,0
0x7541b76cb60f4c60af330c208b0623b7f54bf615.sol,"[{'lines': [29], 'category': 'reentrancy'}]",0,0,0,0,1,0,0,0,0,0
0x7a8721a9d64c74da899424c1b52acbf58ddc9782.sol,"[{'lines': [52], 'category': 'reentrancy'}]",0,0,0,0,1,0,0,0,0,0
0x7b368c4e805c3870b6c49a3f1f49f69af8662cf3.sol,"[{'lines': [29], 'category': 'reentrancy'}]",0,0,0,0,1,0,0,0,0,0
0x8c7777c45481dba411450c228cb692ac3d550344.sol,"[{'lines': [41], 'category': 'reentrancy'}]",0,0,0,0,1,0,0,0,0,0
0x93c32845fae42c83a70e5f06214c8433665c2ab5.sol,"[{'lines': [29], 'category': 'reentrancy'}]",0,0,0,0,1,0,0,0,0,0
0x941d225236464a25eb18076df7da6a91d0f95e9e.sol,"[{'lines': [44], 'category': 'reentrancy'}]",0,0,0,0,1,0,0,0,0,0
0x96edbe868531bd23a6c05e9d0c424ea64fb1b78b.sol,"[{'lines': [63], 'category': 'reentrancy'}]",0,0,0,0,1,0,0,0,0,0
0xaae1f51cf3339f18b6d3f3bdc75a5facd744b0b8.sol,"[{'lines': [54], 'category': 'reentrancy'}]",0,0,0,0,1,0,0,0,0,0
0xb5e1b1ee15c6fa0e48fce100125569d430f1bd12.sol,"[{'lines': [40], 'category': 'reentrancy'}]",0,0,0,0,1,0,0,0,0,0
0xb93430ce38ac4a6bb47fb1fc085ea669353fd89e.sol,"[{'lines': [38], 'category': 'reentrancy'}]",0,0,0,0,1,0,0,0,0,0
0xbaf51e761510c1a11bf48dd87c0307ac8a8c8a4f.sol,"[{'lines': [41], 'category': 'reentrancy'}]",0,0,0,0,1,0,0,0,0,0
0xbe4041d55db380c5ae9d4a9b9703f1ed4e7e3888.sol,"[{'lines': [63], 'category': 'reentrancy'}]",0,0,0,0,1,0,0,0,0,0
0xcead721ef5b11f1a7b530171aab69b16c5e66b6e.sol,"[{'lines': [29], 'category': 'reentrancy'}]",0,0,0,0,1,0,0,0,0,0
0xf015c35649c82f5467c9c74b7f28ee67665aad68.sol,"[{'lines': [29], 'category': 'reentrancy'}]",0,0,0,0,1,0,0,0,0,0
etherbank.sol,"[{'lines': [21], 'category': 'reentrancy'}]",0,0,0,0,1,0,0,0,0,0
etherstore.sol,"[{'lines': [27], 'category': 'reentrancy'}]",0,0,0,0,1,0,0,0,0,0
modifier_reentrancy.sol,"[{'lines': [15], 'category': 'reentrancy'}]",0,0,0,0,1,0,0,0,0,0
reentrance.sol,"[{'lines': [24], 'category': 'reentrancy'}]",0,0,0,0,1,0,0,0,0,0
reentrancy_bonus.sol,"[{'lines': [28], 'category': 'reentrancy'}]",0,0,0,0,1,0,0,0,0,0
reentrancy_cross_function.sol,"[{'lines': [24], 'category': 'reentrancy'}]",0,0,0,0,1,0,0,0,0,0
reentrancy_dao.sol,"[{'lines': [18], 'category': 'reentrancy'}]",0,0,0,0,1,0,0,0,0,0
reentrancy_insecure.sol,"[{'lines': [17], 'category': 'reentrancy'}]",0,0,0,0,1,0,0,0,0,0
reentrancy_simple.sol,"[{'lines': [24], 'category': 'reentrancy'}]",0,0,0,0,1,0,0,0,0,0
simple_dao.sol,"[{'lines': [19], 'category': 'reentrancy'}]",0,0,0,0,1,0,0,0,0,0
spank_chain_payment.sol,"[{'lines': [426], 'category': 'reentrancy'}, {'lines': [430], 'category': 'reentrancy'}]",0,0,0,0,1,0,0,0,0,0
short_address_example.sol,"[{'lines': [18], 'category': 'short_addresses'}]",1,0,0,0,0,0,0,0,0,0
ether_lotto.sol,"[{'lines': [43], 'category': 'time_manipulation'}]",0,0,0,0,0,1,0,0,0,0
governmental_survey.sol,"[{'lines': [27], 'category': 'time_manipulation'}]",0,0,0,0,0,1,0,0,0,0
lottopollo.sol,"[{'lines': [13], 'category': 'time_manipulation'}, {'lines': [27], 'category': 'time_manipulation'}]",0,0,0,0,0,1,0,0,0,0
roulette.sol,"[{'lines': [18], 'category': 'time_manipulation'}, {'lines': [20], 'category': 'time_manipulation'}]",0,0,0,0,0,1,0,0,0,0
timed_crowdsale.sol,"[{'lines': [13], 'category': 'time_manipulation'}]",0,0,0,0,0,1,0,0,0,0
0x07f7ecb66d788ab01dc93b9b71a88401de7d0f2e.sol,"[{'lines': [201], 'category': 'unchecked_low_level_calls'}, {'lines': [213], 'category': 'unchecked_low_level_calls'}]",0,0,0,0,0,0,0,0,1,0
0x0cbe050f75bc8f8c2d6c0d249fea125fd6e1acc9.sol,"[{'lines': [12], 'category': 'unchecked_low_level_calls'}]",0,0,0,0,0,0,0,0,1,0
0x19cf8481ea15427a98ba3cdd6d9e14690011ab10.sol,"[{'lines': [439], 'category': 'unchecked_low_level_calls'}, {'lines': [465], 'category': 'unchecked_low_level_calls'}]",0,0,0,0,0,0,0,0,1,0
0x2972d548497286d18e92b5fa1f8f9139e5653fd2.sol,"[{'lines': [14], 'category': 'unchecked_low_level_calls'}]",0,0,0,0,0,0,0,0,1,0
0x39cfd754c85023648bf003bea2dd498c5612abfa.sol,"[{'lines': [44], 'category': 'unchecked_low_level_calls'}, {'lines': [97], 'category': 'unchecked_low_level_calls'}]",0,0,0,0,0,0,0,0,1,0
0x3a0e9acd953ffc0dd18d63603488846a6b8b2b01.sol,"[{'lines': [44], 'category': 'unchecked_low_level_calls'}, {'lines': [97], 'category': 'unchecked_low_level_calls'}]",0,0,0,0,0,0,0,0,1,0
0x3e013fc32a54c4c5b6991ba539dcd0ec4355c859.sol,"[{'lines': [29], 'category': 'unchecked_low_level_calls'}]",0,0,0,0,0,0,0,0,1,0
0x3f2ef511aa6e75231e4deafc7a3d2ecab3741de2.sol,"[{'lines': [45], 'category': 'unchecked_low_level_calls'}]",0,0,0,0,0,0,0,0,1,0
0x4051334adc52057aca763453820cb0e045076ef3.sol,"[{'lines': [16], 'category': 'unchecked_low_level_calls'}]",0,0,0,0,0,0,0,0,1,0
0x4a66ad0bca2d700f11e1f2fc2c106f7d3264504c.sol,"[{'lines': [19], 'category': 'unchecked_low_level_calls'}]",0,0,0,0,0,0,0,0,1,0
0x4b71ad9c1a84b9b643aa54fdd66e2dec96e8b152.sol,"[{'lines': [17], 'category': 'unchecked_low_level_calls'}]",0,0,0,0,0,0,0,0,1,0
0x524960d55174d912768678d8c606b4d50b79d7b1.sol,"[{'lines': [21], 'category': 'unchecked_low_level_calls'}]",0,0,0,0,0,0,0,0,1,0
0x52d2e0f9b01101a59b38a3d05c80b7618aeed984.sol,"[{'lines': [27], 'category': 'unchecked_low_level_calls'}]",0,0,0,0,0,0,0,0,1,0
0x5aa88d2901c68fda244f1d0584400368d2c8e739.sol,"[{'lines': [29], 'category': 'unchecked_low_level_calls'}]",0,0,0,0,0,0,0,0,1,0
0x610495793564aed0f9c7fc48dc4c7c9151d34fd6.sol,"[{'lines': [33], 'category': 'unchecked_low_level_calls'}]",0,0,0,0,0,0,0,0,1,0
0x627fa62ccbb1c1b04ffaecd72a53e37fc0e17839.sol,"[{'lines': [44], 'category': 'unchecked_low_level_calls'}]",0,0,0,0,0,0,0,0,1,0
0x663e4229142a27f00bafb5d087e1e730648314c3.sol,"[{'lines': [1152], 'category': 'unchecked_low_level_calls'}, {'lines': [1496], 'category': 'unchecked_low_level_calls'}, {'lines': [2467], 'category': 'unchecked_low_level_calls'}]",0,0,0,0,0,0,0,0,1,0
0x70f9eddb3931491aab1aeafbc1e7f1ca2a012db4.sol,"[{'lines': [29], 'category': 'unchecked_low_level_calls'}]",0,0,0,0,0,0,0,0,1,0
0x78c2a1e91b52bca4130b6ed9edd9fbcfd4671c37.sol,"[{'lines': [45], 'category': 'unchecked_low_level_calls'}]",0,0,0,0,0,0,0,0,1,0
0x7a4349a749e59a5736efb7826ee3496a2dfd5489.sol,"[{'lines': [44], 'category': 'unchecked_low_level_calls'}]",0,0,0,0,0,0,0,0,1,0
0x7d09edb07d23acb532a82be3da5c17d9d85806b4.sol,"[{'lines': [198], 'category': 'unchecked_low_level_calls'}, {'lines': [210], 'category': 'unchecked_low_level_calls'}]",0,0,0,0,0,0,0,0,1,0
0x806a6bd219f162442d992bdc4ee6eba1f2c5a707.sol,"[{'lines': [44], 'category': 'unchecked_low_level_calls'}]",0,0,0,0,0,0,0,0,1,0
0x84d9ec85c9c568eb332b7226a8f826d897e0a4a8.sol,"[{'lines': [56], 'category': 'unchecked_low_level_calls'}]",0,0,0,0,0,0,0,0,1,0
0x89c1b3807d4c67df034fffb62f3509561218d30b.sol,"[{'lines': [162], 'category': 'unchecked_low_level_calls'}, {'lines': [175], 'category': 'unchecked_low_level_calls'}, {'lines': [180], 'category': 'unchecked_low_level_calls'}, {'lines': [192], 'category': 'unchecked_low_level_calls'}]",0,0,0,0,0,0,0,0,1,0
0x8fd1e427396ddb511533cf9abdbebd0a7e08da35.sol,"[{'lines': [44], 'category': 'unchecked_low_level_calls'}, {'lines': [97], 'category': 'unchecked_low_level_calls'}]",0,0,0,0,0,0,0,0,1,0
0x958a8f594101d2c0485a52319f29b2647f2ebc06.sol,"[{'lines': [55], 'category': 'unchecked_low_level_calls'}]",0,0,0,0,0,0,0,0,1,0
0x9d06cbafa865037a01d322d3f4222fa3e04e5488.sol,"[{'lines': [54], 'category': 'unchecked_low_level_calls'}, {'lines': [65], 'category': 'unchecked_low_level_calls'}]",0,0,0,0,0,0,0,0,1,0
0xa1fceeff3acc57d257b917e30c4df661401d6431.sol,"[{'lines': [31], 'category': 'unchecked_low_level_calls'}]",0,0,0,0,0,0,0,0,1,0
0xa46edd6a9a93feec36576ee5048146870ea2c3ae.sol,"[{'lines': [16], 'category': 'unchecked_low_level_calls'}]",0,0,0,0,0,0,0,0,1,0
0xb0510d68f210b7db66e8c7c814f22680f2b8d1d6.sol,"[{'lines': [69], 'category': 'unchecked_low_level_calls'}, {'lines': [71], 'category': 'unchecked_low_level_calls'}, {'lines': [73], 'category': 'unchecked_low_level_calls'}, {'lines': [75], 'category': 'unchecked_low_level_calls'}, {'lines': [102], 'category': 'unchecked_low_level_calls'}]",0,0,0,0,0,0,0,0,1,0
0xb11b2fed6c9354f7aa2f658d3b4d7b31d8a13b77.sol,"[{'lines': [14], 'category': 'unchecked_low_level_calls'}]",0,0,0,0,0,0,0,0,1,0
0xb37f18af15bafb869a065b61fc83cfc44ed9cc27.sol,"[{'lines': [33], 'category': 'unchecked_low_level_calls'}]",0,0,0,0,0,0,0,0,1,0
0xb620cee6b52f96f3c6b253e6eea556aa2d214a99.sol,"[{'lines': [100], 'category': 'unchecked_low_level_calls'}, {'lines': [106], 'category': 'unchecked_low_level_calls'}, {'lines': [133], 'category': 'unchecked_low_level_calls'}]",0,0,0,0,0,0,0,0,1,0
0xb7c5c5aa4d42967efe906e1b66cb8df9cebf04f7.sol,"[{'lines': [25], 'category': 'unchecked_low_level_calls'}]",0,0,0,0,0,0,0,0,1,0
0xbaa3de6504690efb064420d89e871c27065cdd52.sol,"[{'lines': [14], 'category': 'unchecked_low_level_calls'}]",0,0,0,0,0,0,0,0,1,0
0xbebbfe5b549f5db6e6c78ca97cac19d1fb03082c.sol,"[{'lines': [14], 'category': 'unchecked_low_level_calls'}]",0,0,0,0,0,0,0,0,1,0
0xd2018bfaa266a9ec0a1a84b061640faa009def76.sol,"[{'lines': [44], 'category': 'unchecked_low_level_calls'}]",0,0,0,0,0,0,0,0,1,0
0xd5967fed03e85d1cce44cab284695b41bc675b5c.sol,"[{'lines': [16], 'category': 'unchecked_low_level_calls'}]",0,0,0,0,0,0,0,0,1,0
0xdb1c55f6926e7d847ddf8678905ad871a68199d2.sol,"[{'lines': [39], 'category': 'unchecked_low_level_calls'}]",0,0,0,0,0,0,0,0,1,0
0xe09b1ab8111c2729a76f16de96bc86a7af837928.sol,"[{'lines': [150], 'category': 'unchecked_low_level_calls'}]",0,0,0,0,0,0,0,0,1,0
0xe4eabdca81e31d9acbc4af76b30f532b6ed7f3bf.sol,"[{'lines': [44], 'category': 'unchecked_low_level_calls'}]",0,0,0,0,0,0,0,0,1,0
0xe82f0742a71a02b9e9ffc142fdcb6eb1ed06fb87.sol,"[{'lines': [39], 'category': 'unchecked_low_level_calls'}]",0,0,0,0,0,0,0,0,1,0
0xe894d54dca59cb53fe9cbc5155093605c7068220.sol,"[{'lines': [17], 'category': 'unchecked_low_level_calls'}]",0,0,0,0,0,0,0,0,1,0
0xec329ffc97d75fe03428ae155fc7793431487f63.sol,"[{'lines': [30], 'category': 'unchecked_low_level_calls'}]",0,0,0,0,0,0,0,0,1,0
0xf2570186500a46986f3139f65afedc2afe4f445d.sol,"[{'lines': [18], 'category': 'unchecked_low_level_calls'}]",0,0,0,0,0,0,0,0,1,0
0xf29ebe930a539a60279ace72c707cba851a57707.sol,"[{'lines': [16], 'category': 'unchecked_low_level_calls'}]",0,0,0,0,0,0,0,0,1,0
0xf70d589d76eebdd7c12cc5eec99f8f6fa4233b9e.sol,"[{'lines': [44], 'category': 'unchecked_low_level_calls'}]",0,0,0,0,0,0,0,0,1,0
etherpot_lotto.sol,"[{'lines': [109], 'category': 'unchecked_low_level_calls'}, {'lines': [141], 'category': 'unchecked_low_level_calls'}]",0,0,0,0,0,0,0,0,1,0
king_of_the_ether_throne.sol,"[{'lines': [110], 'category': 'unchecked_low_level_calls'}, {'lines': [118], 'category': 'unchecked_low_level_calls'}, {'lines': [132], 'category': 'unchecked_low_level_calls'}, {'lines': [174], 'category': 'unchecked_low_level_calls'}]",0,0,0,0,0,0,0,0,1,0
lotto.sol,"[{'lines': [20], 'category': 'unchecked_low_level_calls'}, {'lines': [27], 'category': 'unchecked_low_level_calls'}]",0,0,0,0,0,0,0,0,1,0
mishandled.sol,"[{'lines': [14], 'category': 'unchecked_low_level_calls'}]",0,0,0,0,0,0,0,0,1,0
unchecked_return_value.sol,"[{'lines': [17], 'category': 'unchecked_low_level_calls'}]",0,0,0,0,0,0,0,0,1,0
